Brand,Model,Capacity - mAh:,Discharge Current:,min Cost:,Kwh for Min cost,Chemistry,Price:,Voltage:,availability,Cost KwH:,LowPriceQty:,LowPrice:,Low Cost KwH:
Envision,ESS 72173207,305000.0,305.00,1829.25,14.64,_Li-ion,€121.95,3.2,Out of stock,124.94877049180326,,€115.35,118.18647540983605
EVE,LF280K,280000.0,280.00,1799.25,13.44,_Li-ion,€119.95,3.2,Out of stock,133.87276785714286,Buy 32 times for,€112.95,126.06026785714286
EVE,LF22K,22000.0,66.00,329.25,1.056,_Li-ion,€21.95,3.2,In stock,311.7897727272727,,€21.95,311.7897727272727
Calb,L194F130A,130000.0,130.00,876.75,6.24,_Li-ion,€58.45,3.2,Expected shipping date: 10 november 2023 (in 28 days),140.50480769230768,Buy 32 times for,€55.95,134.4951923076923
EVE,LF32K,32000.0,32.00,374.84999999999997,1.536,_Li-ion,€24.99,3.2,Expected shipping date: 8 november 2023 (in 26 days),244.04296874999997,Buy 32 times for,€22.90,223.6328125
EVE,LF230,230000.0,230.00,1499.25,11.04,_Li-ion,€99.95,3.2,Expected shipping date: 29 oktober 2023 (in 16 days),135.80163043478262,Buy 32 times for,€95.95,130.36684782608697
Calb,L173F230,230000.0,230.00,1461.75,11.04,_Li-ion,€97.45,3.2,In stock,132.40489130434784,Buy 32 times for,€91.05,123.7092391304348
EVE,LF280K,280000.0,280.00,1649.25,13.44,_Li-ion,€109.95,3.2,Expected shipping date: 6 december 2023 (in 54 days),122.71205357142857,Buy 32 times for,€103.95,116.015625
BYD,C13,125000.0,375.00,1079.25,6.0,_Li-ion,€71.95,3.2,In stock,179.875,Buy 32 times for,€65.95,164.875
Gotion,IFP52148102,87000.0,120.00,614.25,4.176,_Li-ion,€40.95,3.2,Out of stock,147.0905172413793,Buy 32 times for,€38.25,137.39224137931035
EVE,LF50K,50000.0,50.00,569.85,2.4,_Li-ion,€37.99,3.2,In stock,237.43750000000003,,€37.99,237.43750000000003
EVE,C40,20000.0,140.00,179.25,0.96,_Li-ion,€11.95,3.2,Expected shipping date: 13 december 2023 (in 61 days),186.71875,,€11.95,186.71875
Yinlong,66160H,40000.0,210.00,1153.95,1.92,_Unknown,€54.95,2.3,In stock,597.2826086956522,,€54.95,597.2826086956522
CBAK,32140FS,15000.0,140.00,126.74999999999999,0.72,_Li-ion,€8.45,3.2,In stock,176.04166666666663,,€8.45,176.04166666666663
EVE,LF230,230000.0,230.00,1424.25,11.04,_Li-ion,€94.95,3.2,Out of stock,129.00815217391306,,€94.95,129.00815217391306
Lishen,LP71173207,280000.0,280.00,1784.25,13.44,_Li-ion,€118.95,3.2,In stock,132.75669642857142,,€110.95,123.828125
Samsung,INR21700-40T,3900.0,"3,900.00",69.3,0.187199999999999,_Unknown,€4.95,3.6,Out of stock,352.5641025641025,Buy 260 times for,€4.25,302.70655270655266
Sony,US18650VTC5A,2500.0,"2,500.00",59.5,0.12,_Unknown,€4.25,3.6,In stock,472.22222222222223,Buy 600 times for,€3.65,405.5555555555556
EVE,LF304,304000.0,304.00,1881.75,14.592,_Li-ion,€125.45,3.2,Out of stock,128.95764802631578,Buy 32 times for,€118.25,121.5563322368421
Samsung,INR21700-30T,2950.0,"2,950.00",58.10000000000001,0.1416,_Unknown,€4.15,3.6,In stock,390.7721280602637,,€3.85,362.5235404896422
Samsung,INR21700-33J,3220.0,"3,220.00",25.900000000000002,0.15456,_Unknown,€1.85,3.6,In stock,159.5928226363009,,€1.45,125.08626639061421
Sanyo,20700,3500.0,30.00,49.699999999999996,0.168,_LIFEPO4,€3.55,3.6,In stock,281.7460317460317,,€3.25,257.93650793650795
Catl,LIFEPO4,228000.0,207.00,1525.3,10.944,_Li-ion,€108.95,3.599555,In stock,132.75276449255045,Buy 32 times for,€97.45,118.74031115006004
BAK,N21700CG-50,4900.0,"4,900.00",54.46,0.23520000000000002,_Unknown,€3.89,3.6,Out of stock,220.52154195011337,Buy 600 times for,€3.29,186.5079365079365
Molicel,INR21700-P45B,4350.0,"4,350.00",111.3,0.20879999999999901,_Unknown,€7.95,3.6,In stock,507.6628352490422,Buy 200 times for,€7.05,450.1915708812261
Samsung,21700,4650.0,9.60,53.9,0.2232,_LIFEPO4,€3.85,3.6,Out of stock,229.9880525686977,Buy 390 times for,€3.15,188.17204301075267
Molicel,INR-21700-P42A,3950.0,"3,950.00",104.86,0.18960000000000002,_Unknown,€7.49,3.6,In stock,526.7229254571026,,€7.49,526.7229254571026
Nitecore,21700,4150.0,15.00,265.3,0.19920000000000002,_LIFEPO4,€18.95,3.6,In stock,1268.4069611780455,,€18.95,1268.4069611780455
Sanyo,20700,3150.0,30.00,41.300000000000004,0.1512,_LIFEPO4,€2.95,3.6,In stock,260.14109347442684,,€2.95,260.14109347442684
EagleTac,18650,3450.0,10.00,209.29999999999998,0.16560000000000002,_LIFEPO4,€14.95,3.6,In stock,1203.7037037037037,,€14.95,1203.7037037037037
Samsung,INR21700-33J,3220.0,"3,220.00",23.8,0.15456,_Unknown,€1.70,3.6,In stock,146.65286404416838,,€1.30,112.1463077984817
Keeppower,P1834J,3350.0,"3,350.00",153.29999999999998,0.1608,_Unknown,€10.95,3.6,In stock,907.960199004975,,€10.95,907.960199004975
Samsung,INR21700-30T,2950.0,"2,950.00",31.5,0.1416,_Unknown,€2.25,3.6,In stock,211.864406779661,,€1.85,174.19962335216573
Keeppower,P1830R,2950.0,"2,950.00",160.29999999999998,0.1416,_Unknown,€11.45,3.6,In stock,1078.1544256120526,,€11.45,1078.1544256120526
Keeppower,18650,3150.0,8.00,91.7,0.1512,_LIFEPO4,€6.55,3.6,In stock,577.6014109347443,,€5.80,511.4638447971782
Keeppower,P1826K,2550.0,"2,550.00",101.5,0.12240000000000001,_Unknown,€7.25,3.6,In stock,789.760348583878,,€7.25,789.760348583878
Sony / Murata,US21700VTC6A,4000.0,"4,000.00",91.7,0.192,_Unknown,€6.55,3.6,In stock,454.86111111111114,Buy 200 times for,€5.75,399.30555555555554
Samsung,INR18650-25R,2450.0,"2,450.00",97.3,0.11760000000000001,_Unknown,€6.95,3.6,In stock,787.9818594104307,,€6.95,787.9818594104307
Calb,L173F280A,280000.0,280.00,1934.2499999999998,13.44,_Li-ion,€128.95,3.2,Out of stock,143.9174107142857,Buy 32 times for,€121.95,136.10491071428572
Sony,US18650VTC4,2000.0,"2,000.00",66.5,0.096,_Unknown,€4.75,3.6,In stock,659.7222222222223,,€4.75,659.7222222222223
Sony,US18650VTC5,2500.0,"2,500.00",83.3,0.12,_Unknown,€5.95,3.6,In stock,661.1111111111111,,€5.95,661.1111111111111
Sony,US18650VTC5A,2500.0,"2,500.00",125.29999999999998,0.12,_Unknown,€8.95,3.6,In stock,994.4444444444443,,€8.95,994.4444444444443
Sony,US18650VTC6,3000.0,"3,000.00",97.3,0.14400000000000002,_Unknown,€6.95,3.6,In stock,643.5185185185185,,€6.95,643.5185185185185
Samsung,INR18650-30Q,2950.0,"2,950.00",97.3,0.1416,_Unknown,€6.95,3.6,In stock,654.4256120527307,,€6.95,654.4256120527307
Keeppower,P1829J,2850.0,"2,850.00",132.29999999999998,0.1368,_Unknown,€9.45,3.6,In stock,921.0526315789473,,€9.45,921.0526315789473
Sanyo,NCR18650GA,3350.0,"3,350.00",83.3,0.1608,_Unknown,€5.95,3.6,Out of stock,493.36650082918743,,€5.95,493.36650082918743
Sanyo,NCR18650BF,3250.0,"3,250.00",53.9,0.156,_Unknown,€3.85,3.6,In stock,329.0598290598291,,€3.48,297.4358974358975
Samsung,ICR18650-22P,2050.0,"2,050.00",66.5,0.098399999999999,_Unknown,€4.75,3.6,Out of stock,643.6314363143632,,€4.75,643.6314363143632
**,INR18650MH1,3100.0,"3,100.00",45.5,0.14880000000000002,_Unknown,€3.25,3.6,In stock,291.21863799283153,Buy 600 times for,€2.55,228.49462365591393
Samsung,INR18650-35E,3350.0,"3,350.00",55.300000000000004,0.1608,_Unknown,€3.95,3.6,In stock,327.52902155887233,Buy 600 times for,€3.15,261.1940298507463
Sanyo,NCR18650GA,3300.0,"3,300.00",60.89999999999999,0.158399999999999,_Unknown,€4.35,3.6,In stock,366.1616161616161,,€3.15,265.1515151515151
Samsung,INR18650-30Q,2950.0,"2,950.00",53.06,0.1416,_Unknown,€3.79,3.6,In stock,356.8738229755179,Buy 200 times for,€3.19,300.37664783427493
Samsung,INR18650-15M,1450.0,"1,450.00",48.300000000000004,0.06960000000000001,_Unknown,€3.45,3.6,Out of stock,660.9195402298851,Buy 600 times for,€2.85,545.9770114942529
**,LGABHG21865,2950.0,"2,950.00",76.3,0.1416,_Unknown,€5.45,3.6,Out of stock,513.1826741996233,Buy 200 times for,€4.59,432.2033898305084
Panasonic,NCR18650PF,2850.0,"2,850.00",45.5,0.1368,_Unknown,€3.25,3.6,In stock,316.76413255360626,Buy 540 times for,€2.79,271.9298245614035
Samsung,INR18650-20R,1950.0,22.00,38.5,0.093599999999999,_Unknown,€2.75,3.6,Expected shipping date: 27 oktober 2023 (in 14 days),391.7378917378917,Buy 600 times for,€2.30,327.63532763532754
Panasonic,NCR18650B,3250.0,"3,250.00",76.3,0.156,_Unknown,€5.45,3.6,In stock,465.8119658119659,,€4.99,426.4957264957266
**,LGDBHE21865,2450.0,"2,450.00",36.26,0.11760000000000001,_Unknown,€2.59,3.6,In stock,293.6507936507936,Buy 600 times for,€2.07,234.69387755102036
**,LGDAHB21865,1400.0,"1,400.00",51.1,0.06719999999999901,_Unknown,€3.65,3.6,In stock,724.2063492063494,,€3.65,724.2063492063494
**,LGDBHE41865,2450.0,"2,450.00",55.300000000000004,0.11760000000000001,_Unknown,€3.95,3.6,Out of stock,447.8458049886621,Buy 600 times for,€3.10,351.4739229024943
Sony,US18650VTC5,2500.0,"2,500.00",51.1,0.12,_Unknown,€3.65,3.6,Expected shipping date: 31 oktober 2023 (in 18 days),405.5555555555556,Buy 300 times for,€3.40,377.77777777777777
Sinowatt,SW18650-34MP,3250.0,"3,250.00",34.86,0.156,_Unknown,€2.49,3.6,Out of stock,212.82051282051287,,€2.19,187.1794871794872
Sony,US18650VTC4,2000.0,"2,000.00",41.86,0.096,_Unknown,€2.99,3.6,Expected shipping date: 31 oktober 2023 (in 18 days),415.27777777777777,Buy 600 times for,€2.45,340.2777777777778
Molicel,INR-18650-M35A,3350.0,"3,350.00",48.300000000000004,0.1608,_Unknown,€3.45,3.6,In stock,286.06965174129357,Buy 600 times for,€2.70,223.88059701492543
**,INR18650M26,2500.0,"2,500.00",17.5,0.12,_Unknown,€1.25,3.6,Out of stock,138.88888888888889,,€1.25,138.88888888888889
Molicel,INR-18650-P28A,2800.0,"2,800.00",104.86,0.13439999999999902,_Unknown,€7.49,3.6,Out of stock,743.0555555555558,,€7.49,743.0555555555558
BAK,N18650CP,3250.0,"3,250.00",45.5,0.156,_Unknown,€3.25,3.6,Out of stock,277.7777777777778,Buy 200 times for,€2.69,229.91452991452994
BAK,N18650CNP,2400.0,"2,400.00",40.46,0.11519999999999901,_Unknown,€2.89,3.6,Out of stock,334.49074074074076,Buy 600 times for,€2.40,277.77777777777777
EVE,INR18650-25P,2500.0,"2,500.00",32.06,0.12,_Unknown,€2.29,3.6,In stock,254.44444444444446,,€1.89,209.99999999999997
Samsung,INR18650-30Q,2950.0,"2,950.00",41.86,0.1416,_Unknown,€2.99,3.6,In stock,281.5442561205273,Buy 100 times for,€2.65,249.52919020715632
BAK,N18650CL-29,2800.0,"2,800.00",37.1,0.13439999999999902,_Unknown,€2.65,3.6,In stock,262.8968253968255,Buy 200 times for,€1.92,190.4761904761905
Xtar,18650,3300.0,10.00,111.3,0.158399999999999,_LIFEPO4,€7.95,3.6,In stock,669.1919191919192,,€7.95,669.1919191919192
EVE,INR18650-33V,3100.0,"3,100.00",38.5,0.14880000000000002,_Unknown,€2.75,3.6,In stock,246.41577060931897,Buy 600 times for,€2.14,191.75627240143368
Tenpower,ICR18650,1950.0,"1,950.00",27.3,0.093599999999999,_Unknown,€1.95,3.6,Out of stock,277.77777777777777,,€1.95,277.77777777777777
EVE,INR18650-29V,2850.0,"2,850.00",36.26,0.1368,_Unknown,€2.59,3.6,Out of stock,252.43664717348926,Buy 600 times for,€1.91,186.1598440545809
Keeppower,P1835J,3450.0,"3,450.00",160.29999999999998,0.16560000000000002,_Unknown,€11.45,3.6,In stock,921.9001610305958,,€11.45,921.9001610305958
Sony / Murata,US18650VTC5C,2500.0,"2,500.00",49.699999999999996,0.12,_Unknown,€3.55,3.6,Expected shipping date: 31 oktober 2023 (in 18 days),394.4444444444444,Buy 600 times for,€3.15,350.0
Sanyo,NCR18650GA,3350.0,"3,350.00",59.5,0.1608,_Unknown,€4.25,3.6,Out of stock,352.4046434494196,,€3.78,313.4328358208955
Nitecore,IMR18650,3050.0,"3,050.00",234.5,0.146399999999999,_Unknown,€16.75,3.6,In stock,1525.5009107468125,,€16.75,1525.5009107468125
Samsung,ICR18650-26J,2550.0,"2,550.00",39.06,0.12240000000000001,_Unknown,€2.79,3.6,Out of stock,303.921568627451,Buy 200 times for,€2.41,262.52723311546845
Sanyo,UR18650ZM2,2420.0,"2,420.00",30.099999999999998,0.11616000000000001,_Unknown,€2.15,3.6,In stock,246.7860422405877,Buy 540 times for,€1.67,191.68962350780532
Everactive,3200 series,3050.0,"3,050.00",125.29999999999998,0.146399999999999,_Unknown,€8.95,3.6,In stock,815.11839708561,,€8.95,815.11839708561
**,INR18650M29,2750.0,"2,750.00",37.1,0.132,_Unknown,€2.65,3.6,In stock,267.67676767676767,Buy 600 times for,€1.85,186.86868686868686
Molicel,INR-18650-P26A,2600.0,"2,600.00",83.3,0.12480000000000001,_Unknown,€5.95,3.6,Out of stock,635.6837606837607,,€5.95,635.6837606837607
Xtar,18650,3450.0,10.00,195.29999999999998,0.16560000000000002,_LIFEPO4,€13.95,3.6,In stock,1123.1884057971015,,€13.95,1123.1884057971015
Sanyo,NCR18650GA,3350.0,"3,350.00",83.3,0.1608,_Unknown,€5.95,3.6,Out of stock,493.36650082918743,,€4.29,355.7213930348259
Tenpower,INR18650-28HE,2760.0,"2,760.00",38.5,0.13248000000000001,_Unknown,€2.75,3.6,Out of stock,276.7713365539453,Buy 600 times for,€1.82,183.17230273752017
Olight,ORB-186S35,3450.0,"3,450.00",335.3,0.16560000000000002,_Unknown,€23.95,3.6,In stock,1928.3413848631242,,€23.95,1928.3413848631242
Xtar,18650,2550.0,5.20,97.3,0.12240000000000001,_LIFEPO4,€6.95,3.6,In stock,757.0806100217865,,€6.95,757.0806100217865
**,INR18650-MJ1,3400.0,"3,400.00",90.3,0.163199999999999,_Unknown,€6.45,3.6,Out of stock,526.9607843137255,,€6.45,526.9607843137255
Xtar,18650,2180.0,5.00,62.300000000000004,0.10464000000000001,_LIFEPO4,€4.45,3.6,In stock,567.0234454638125,,€4.45,567.0234454638125
Olight,orb-186C32,3150.0,"3,150.00",318.5,0.1512,_Unknown,€22.75,3.6,Out of stock,2006.172839506173,,€22.75,2006.172839506173
Panasonic,NCR18650BD,3030.0,"3,030.00",49.699999999999996,0.14543999999999901,_Unknown,€3.55,3.6,In stock,325.44921158782546,Buy 540 times for,€2.85,261.2761276127613
**,LGGBF1L1865,3250.0,"3,250.00",52.5,0.156,_Unknown,€3.75,3.6,Out of stock,320.5128205128206,Buy 600 times for,€3.33,284.6153846153847
Olight,ORB-186L34,3350.0,"3,350.00",279.3,0.1608,_Unknown,€19.95,3.6,Out of stock,1654.2288557213933,,€19.95,1654.2288557213933
Molicel,INR-18650-P26A,2500.0,"2,500.00",64.39999999999999,0.12,_Unknown,€4.60,3.6,In stock,511.1111111111111,Buy 600 times for,€3.85,427.77777777777777
Molicel,INR-18650-P28A,2800.0,"2,800.00",69.86,0.13439999999999902,_Unknown,€4.99,3.6,Expected shipping date: 28 oktober 2023 (in 15 days),495.03968253968264,Buy 600 times for,€3.95,391.8650793650795
Samsung,INR18650-29E,2750.0,"2,750.00",61.459999999999994,0.132,_Unknown,€4.39,3.6,In stock,443.43434343434336,Buy 200 times for,€4.14,418.18181818181813
Olight,ORB-186P26,2550.0,"2,550.00",195.29999999999998,0.12240000000000001,_Unknown,€13.95,3.6,Out of stock,1519.6078431372548,,€13.95,1519.6078431372548
Samsung,INR18650-32E,3100.0,"3,100.00",53.9,0.14880000000000002,_Unknown,€3.85,3.6,Out of stock,344.9820788530465,Buy 400 times for,€2.90,259.85663082437276
Samsung,INR18650-20R,1950.0,"1,950.00",24.5,0.093599999999999,_Unknown,€1.75,3.6,In stock,249.28774928774925,Buy 600 times for,€1.50,213.67521367521366
Samsung,INR18650-35E,3350.0,"3,350.00",41.300000000000004,0.1608,_Unknown,€2.95,3.6,In stock,244.6102819237148,Buy 400 times for,€2.35,194.85903814262025
Nitecore,NL1826,2550.0,"2,550.00",160.29999999999998,0.12240000000000001,_Unknown,€11.45,3.6,In stock,1247.276688453159,,€11.45,1247.276688453159
Nitecore,NL1835R,3450.0,"3,450.00",307.3,0.16560000000000002,_Unknown,€21.95,3.6,In stock,1767.3107890499195,,€18.45,1485.5072463768117
Nitecore,NL1835,3450.0,"3,450.00",265.3,0.16560000000000002,_Unknown,€18.95,3.6,In stock,1525.7648953301127,,€18.95,1525.7648953301127
Nitecore,NL1834R,3350.0,"3,350.00",139.29999999999998,0.1608,_Unknown,€9.95,3.6,In stock,825.0414593698175,,€9.95,825.0414593698175
Nitecore,NL1834,3350.0,"3,350.00",223.29999999999998,0.1608,_Unknown,€15.95,3.6,In stock,1322.5538971807628,,€15.95,1322.5538971807628
Nitecore,NL1823,2250.0,"2,250.00",108.5,0.108,_Unknown,€7.75,3.6,In stock,956.7901234567902,,€7.75,956.7901234567902
Nitecore,NL1832,3150.0,"3,150.00",209.29999999999998,0.1512,_Unknown,€14.95,3.6,In stock,1318.342151675485,,€11.95,1053.7918871252205
Nitecore,NL1835HP,3450.0,"3,450.00",293.3,0.16560000000000002,_Unknown,€20.95,3.6,In stock,1686.7954911433173,,€20.95,1686.7954911433173
Nitecore,NL18650D,3050.0,"3,050.00",223.29999999999998,0.146399999999999,_Unknown,€15.95,3.6,In stock,1452.6411657559197,,€15.95,1452.6411657559197
Nitecore,NL1826R,2550.0,"2,550.00",153.29999999999998,0.12240000000000001,_Unknown,€10.95,3.6,In stock,1192.8104575163397,,€10.95,1192.8104575163397
Sinowatt,SW18650-30SP,2900.0,"2,900.00",45.5,0.13920000000000002,_Unknown,€3.25,3.6,Out of stock,311.30268199233717,Buy 600 times for,€2.65,253.8314176245211
Keeppower,P1832U,3150.0,"3,150.00",237.29999999999998,0.1512,_Unknown,€16.95,3.6,In stock,1494.7089947089946,,€16.95,1494.7089947089946
Tenpower,ICR18650-20SG,1950.0,"1,950.00",27.86,0.093599999999999,_Unknown,€1.99,3.6,In stock,283.47578347578343,Buy 400 times for,€1.54,219.37321937321937
EVE,INR18650-35V,3400.0,"3,400.00",48.300000000000004,0.163199999999999,_Unknown,€3.45,3.6,In stock,281.8627450980393,Buy 600 times for,€2.60,212.4183006535948
DMEGC,18650,2750.0,4.80,30.099999999999998,0.132,_LIFEPO4,€2.15,3.6,In stock,217.17171717171715,Buy 600 times for,€1.79,180.8080808080808
Sony,BM18650Z1,1550.0,"1,550.00",27.86,0.07440000000000001,_Unknown,€1.99,3.6,Out of stock,356.6308243727598,,€1.99,356.6308243727598
DMEGC,18650,2750.0,4.80,32.9,0.132,_LIFEPO4,€2.35,3.6,In stock,237.37373737373736,,€2.20,222.22222222222223
BAK,N18650CP,3250.0,"3,250.00",41.86,0.156,_Unknown,€2.99,3.6,In stock,255.5555555555556,,€2.58,220.51282051282058
**,LGABHG21865,2950.0,"2,950.00",62.300000000000004,0.1416,_Unknown,€4.45,3.6,In stock,419.02071563088515,Buy 600 times for,€3.60,338.9830508474576
Sanyo,NCR20700,3150.0,"3,150.00",37.1,0.1512,_Unknown,€2.65,3.6,In stock,233.68606701940038,,€2.25,198.41269841269843
**,INR21700-M58T,5520.0,"5,520.00",98.7,0.26496000000000003,_Unknown,€7.05,3.6,In stock,354.77053140096626,,€6.45,324.57729468599035
Olight,RCR123A,500.0,500.00,111.3,0.024,_Unknown,€7.95,3.6,Out of stock,4416.666666666667,,€7.95,4416.666666666667
Tenpower,INR18650-25PG,2450.0,"2,450.00",39.9,0.11760000000000001,_Unknown,€2.85,3.6,In stock,323.12925170068024,Buy 400 times for,€2.31,261.9047619047619
**,INR21700-M58T,5520.0,"5,520.00",95.06,0.26496000000000003,_Unknown,€6.79,3.6,In stock,341.68679549114336,,€6.45,324.57729468599035
Maxell,ML2016,1.6,1.60,56.0,7.680000000000002e-05,_Unknown,€3.50,3,In stock,729166.6666666666,,€3.50,729166.6666666666
Maxell,ML2032-1HFN,3.2,3.20,63.2,0.00015360000000000002,_Unknown,€3.95,3,In stock,411458.3333333333,,€3.95,411458.3333333333
**,LGDBM361865,3400.0,"3,400.00",55.86,0.163199999999999,_Unknown,€3.99,3.6,In stock,325.98039215686276,Buy 600 times for,€3.45,281.8627450980393
FDK,ML1220-1HFN,2.0,2.00,47.2,9.6e-05,_Unknown,€2.95,3,Out of stock,491666.6666666667,,€2.95,491666.6666666667
Tenpower,INR21700-50ME,4950.0,"4,950.00",55.86,0.2376,_Unknown,€3.99,3.6,Out of stock,223.9057239057239,Buy 390 times for,€3.15,176.76767676767676
**,INR21700-M58T,5520.0,"5,520.00",65.10000000000001,0.26496000000000003,_Unknown,€4.65,3.6,In stock,233.99758454106288,,€3.95,198.77214170692437
Samsung,INR18650-25S,2450.0,"2,450.00",61.60000000000001,0.11760000000000001,_Unknown,€4.40,3.6,In stock,498.86621315192747,,€4.40,498.86621315192747
Sony / Murata,US18650VTC6,3000.0,"3,000.00",76.3,0.14400000000000002,_Unknown,€5.45,3.6,In stock,504.6296296296296,Buy 200 times for,€4.45,412.03703703703707
**,INR18650MH1,3100.0,"3,100.00",32.9,0.14880000000000002,_Unknown,€2.35,3.6,In stock,210.5734767025089,Buy 600 times for,€1.99,178.3154121863799
Samsung,INR21700-50E,4850.0,"4,850.00",48.300000000000004,0.232799999999999,_Unknown,€3.45,3.6,Out of stock,197.5945017182131,,€3.45,197.5945017182131
Samsung,INR18650-32E,3100.0,"3,100.00",32.9,0.14880000000000002,_Unknown,€2.35,3.6,In stock,210.5734767025089,Buy 400 times for,€1.95,174.7311827956989
Samsung,INR18650-33G,3000.0,6.50,39.9,0.14400000000000002,_Unknown,€2.85,3.6,Out of stock,263.8888888888889,Buy 600 times for,€2.58,238.8888888888889
Samsung,INR18650-29E,2750.0,"2,750.00",31.5,0.132,_Unknown,€2.25,3.6,In stock,227.27272727272725,,€1.95,196.96969696969697
Tenpower,INR18650-32HE,3050.0,"3,050.00",32.9,0.146399999999999,_Unknown,€2.35,3.6,Out of stock,214.02550091074679,Buy 600 times for,€1.88,171.22040072859744
Samsung,INR18650-30Q,2950.0,"2,950.00",39.9,0.1416,_Unknown,€2.85,3.6,In stock,268.361581920904,,€2.85,268.361581920904
Lishen,LR1865LA,1900.0,"1,900.00",23.099999999999998,0.091199999999999,_Unknown,€1.65,3.6,In stock,241.2280701754386,,€1.39,203.21637426900585
**,INR21700-M50L,4750.0,"4,750.00",33.46,0.228,_Unknown,€2.39,3.6,In stock,139.76608187134505,,€2.39,139.76608187134505
Samsung,INR18650-20R,1950.0,"1,950.00",24.5,0.093599999999999,_Unknown,€1.75,3.6,Out of stock,249.28774928774925,,€1.75,249.28774928774925
Lishen,LR21700SA,3900.0,"3,900.00",32.9,0.187199999999999,_Unknown,€2.35,3.6,In stock,167.37891737891735,Buy 390 times for,€1.99,141.73789173789172
Panasonic,MT920,2.0,2.00,104.0,9.6e-05,_Unknown,€3.25,1.5,In stock,1083333.3333333333,,€3.25,1083333.3333333333
Panasonic,ML1220,17.0,12.50,34.86,0.0008160000000000001,_Unknown,€2.49,Li-ion,In stock,40686.274509803916,,€2.49,40686.274509803916
Keeppower,UH1835P,1100.0,"1,100.00",80.5,0.05280000000000001,_Unknown,€5.75,3.6,Out of stock,1452.020202020202,,€5.75,1452.020202020202
Keeppower,P1835C,850.0,850.00,69.3,0.040799999999999004,_Unknown,€4.95,3.6,In stock,1617.6470588235295,,€4.95,1617.6470588235295
Enercig,TN18350HP,650.0,650.00,48.300000000000004,0.031200000000000002,_Unknown,€3.45,3.6,In stock,1474.3589743589746,,€3.45,1474.3589743589746
Keeppower,P1443C,600.0,600.00,59.5,0.028799999999999003,_Unknown,€4.25,3.6,In stock,1967.5925925925926,,€3.45,1597.2222222222224
Unbranded,LIR2450,5.0,5.00,38.5,0.00023999999999900002,_Unknown,€2.75,3.6,Out of stock,152777.77777777778,,€0.85,47222.222222222226
Maxell,ML2032,3.2,3.20,47.2,0.00015360000000000002,_Unknown,€2.95,3,In stock,307291.6666666666,,€2.95,307291.6666666666
Keeppower,P2770C,5500.0,"5,500.00",105.0,0.264,_Unknown,€7.50,3.6,Out of stock,378.78787878787875,,€7.50,378.78787878787875
Vapcell,INR18350,1100.0,"1,100.00",62.300000000000004,0.05280000000000001,_Unknown,€4.45,3.6,Out of stock,1123.7373737373737,,€4.45,1123.7373737373737
EagleTac,17650,1550.0,3.00,94.5,0.07440000000000001,_LIFEPO4,€6.75,3.6,In stock,1209.6774193548385,,€6.75,1209.6774193548385
Panasonic,VL3032-1F2,3.2,3.20,100.0,0.00015360000000000002,_Unknown,€6.25,3,In stock,651041.6666666666,,€6.25,651041.6666666666
Keeppower,P1835C2,1100.0,"1,100.00",94.5,0.05280000000000001,_Unknown,€6.75,3.6,In stock,1704.5454545454545,,€6.75,1704.5454545454545
Keeppower,P1750C,1150.0,2.40,69.3,0.055200000000000006,_Unknown,€4.95,3.6,In stock,1195.6521739130437,,€3.95,954.106280193237
Keeppower,UH1835,700.0,700.00,55.300000000000004,0.033599999999999006,_Unknown,€3.95,3.6,In stock,1567.460317460318,,€3.95,1567.460317460318
Vapcell,INR20650,2900.0,30.00,97.3,0.13920000000000002,_Unknown,€6.95,3.6,Out of stock,665.7088122605364,,€6.95,665.7088122605364
Panasonic,VL2020-WR,2.0,2.00,148.0,9.6e-05,_Unknown,€9.25,3,In stock,1541666.6666666665,,€9.25,1541666.6666666665
Xtar,16340 / 123A,600.0,1.20,73.5,0.028799999999999003,_LIFEPO4,€5.25,3.6,In stock,2430.5555555555557,,€4.45,2060.185185185185
Keeppower,P1665J,2450.0,"2,450.00",122.5,0.11760000000000001,_Unknown,€8.75,3.6,In stock,992.0634920634919,,€8.75,992.0634920634919
Keeppower,P1465C,950.0,3.00,69.3,0.045599999999999,_Unknown,€4.95,3.6,In stock,1447.3684210526317,,€3.95,1154.9707602339183
Samsung,INR18650-32E,3100.0,"3,100.00",34.300000000000004,0.14880000000000002,_Unknown,€2.45,3.6,Out of stock,219.53405017921148,,€2.45,219.53405017921148
EVE,LF304,304000.0,304.00,1739.25,14.592,_Li-ion,€115.95,3.2,Expected shipping date: 6 december 2023 (in 54 days),119.19202302631578,Buy 32 times for,€109.95,113.02425986842104
Calb,L173F125A,125000.0,125.00,839.25,6.0,_Li-ion,€55.95,3.2,Expected shipping date: 10 november 2023 (in 28 days),139.875,Buy 32 times for,€54.45,136.125
Seiko,MS614,6.8,6.80,36.0,0.000326399999999,_Unknown,€2.25,3,Out of stock,110294.11764705883,,€2.25,110294.11764705883
Lithium Werks (A123 systems),ANR26650,2500.0,"2,500.00",134.25,0.12,_Unknown,€8.95,3.2,In stock,1118.75,Buy 200 times for,€7.25,906.2500000000001
Calb,L148F88A,88000.0,88.00,689.25,4.224,_Li-ion,€45.95,3.2,Out of stock,163.1747159090909,,€42.90,152.34375
EVE,LF50K,50000.0,50.00,509.25000000000006,2.4,_Li-ion,€33.95,3.2,Out of stock,212.18750000000003,,€31.10,194.375
REPT,280P,280000.0,280.00,1799.25,13.44,_Li-ion,€119.95,3.2,Out of stock,133.87276785714286,Buy 32 times for,€112.85,125.94866071428571
Catl,CB310,280000.0,140.00,1799.25,13.44,_Li-ion,€119.95,3.2,Out of stock,133.87276785714286,Buy 32 times for,€108.95,121.59598214285714
Calb,L300F187,187000.0,187.00,1304.25,8.975999999999999,_Li-ion,€86.95,3.2,In stock,145.30414438502672,,€86.95,145.30414438502672
EVE,LIFEPO4,280000.0,200.00,1721.3,13.44,_Li-ion,€122.95,3.599555,In stock,121.98928558034058,Buy 64 times for,€115.65,114.74632677809183
Catl,LF302,302000.0,302.00,2174.25,14.496,_Li-ion,€144.95,3.2,Out of stock,149.98965231788077,,€138.05,142.84975165562912
EVE,LF105,105000.0,105.00,599.25,5.04,_Li-ion,€39.95,3.2,Expected shipping date: 30 november 2023 (in 48 days),118.89880952380952,,€38.75,115.32738095238095
JGNE,JGCFR26650-4000mAh-3.2V,3950.0,"3,950.00",47.25,0.18960000000000002,_Unknown,€3.15,3.2,In stock,249.20886075949363,Buy 400 times for,€2.65,209.65189873417717
Catl,LF173,173000.0,173.00,1154.25,8.304,_Li-ion,€76.95,3.2,Out of stock,138.9992774566474,,€72.95,131.77384393063585
JGNE,HTCFR26650,3550.0,"3,550.00",56.85,0.17039999999999902,_Unknown,€3.79,3.2,In stock,333.62676056338034,Buy 400 times for,€2.80,246.47887323943667
JGNE,26650,3750.0,11.40,44.85,0.18,_Li-ion,€2.99,3.2,In stock,249.16666666666666,Buy 600 times for,€2.55,212.5
JGNE,HTPFR26650,2900.0,"2,900.00",59.25,0.13920000000000002,_Unknown,€3.95,3.2,In stock,425.64655172413796,Buy 600 times for,€3.15,339.43965517241384
Real cell,IFR26650PE,3350.0,"3,350.00",33.75,0.1608,_Unknown,€2.25,3.2,In stock,209.88805970149255,,€1.95,181.90298507462688
JGNE,MH48108,1700.0,"1,700.00",25.349999999999998,0.081599999999999,_Unknown,€1.69,3.2,Out of stock,310.6617647058824,Buy 600 times for,€1.26,231.61764705882354
EVE,LF105,105000.0,105.00,824.25,5.04,_Li-ion,€54.95,3.2,Out of stock,163.54166666666666,,€54.95,163.54166666666666
EagleTac,18350,1250.0,10.00,104.3,0.06,_LIFEPO4,€7.45,3.6,Out of stock,1655.5555555555557,,€6.25,1388.888888888889
JGNE,18650,1050.0,33.00,33.75,0.05040000000000001,_Li-ion,€2.25,3.2,Out of stock,669.642857142857,Buy 600 times for,€1.95,580.3571428571428
Panasonic,VL2020-1VCE,1e-09,20.00,47.2,4.8e-14,_Unknown,€2.95,3,In stock,983333333333333.4,,€2.95,983333333333333.4
JGNE,MH48108,1500.0,"1,500.00",22.35,0.07200000000000001,_Unknown,€1.49,3.2,In stock,310.4166666666667,Buy 600 times for,€1.14,237.49999999999997
